Category,FoodItem
Cheese,Cheddar
Beef,Beef dishes
Beef,Beef tenderloin
Beef,Braised beef
Beef,Grilled beef
Beef,Beef barbecue
Beef,Beef fajitas
Beef,Beef sandwiches
Beef,Beef stroganoff
Beef,Beef brisket
Beef,Beef ribs
Beef,Beef bolognese
Beef,Beef dishes
Beef,Beef vindaloo
Beef,Beef stew
Beef,Beef ribs
Lamb,Lamb chops
Lamb,Lamb
Lamb,Grilled lamb
Lamb,Lamb burgers
Lamb,Lamb shank
Lamb,Lamb souvlaki
Lamb,Roast lamb
Lamb,Rack of lamb
Lamb,Leg of lamb
Pork,Pork tenderloin
Pork,Pork ribs
Pork,Pork roast
Pork,Pork turnovers
Pork,Pork sandwiches
Pork,Pork souvlaki
Pork,Pork shoulder
Pork,Pork
Poultry,Duck breast
Poultry,Grilled quail
Poultry,Roasted chicken
Poultry,Blackened chicken
Poultry,Chicken wings
Poultry,Chicken dishes
Poultry,Turkey burgers
Poultry,Roast turkey
Poultry,Chicken thighs
Seafood,Grilled salmon
Seafood,Baked salmon
Seafood,Roasted salmon
Seafood,Poached salmon
Seafood,Spicy seafood
Seafood,Smoked salmon
Pasta,Meat-based pasta
Pasta,Meat lasagna
Pasta,Bolognese sauce
Pasta,Pasta
Pasta,Pasta dishes
Pasta,Meat sauce
Pasta,Meaty pasta
Pasta,Hearty pasta
Pasta,Pasta dishes
Pasta,Baked ziti
Pizza,Pizza
Pizza,Pepperoni pizza
Pizza,Homemade pizza
Pizza,Pizza burgers
Pizza,Sausage pizza
Pizza,Wood-fired pizza
Pizza,Spinach and cheese enchiladas
Pizza,Margherita pizza
Burgers,Gourmet burgers
Burgers,Mushroom burgers
Burgers,Grilled burgers
Burgers,Lamb burgers
Burgers,Turkey burgers
Burgers,Gourmet hamburgers
Ribs,Barbecued ribs
Ribs,Blackened ribs
Ribs,Pork ribs
Ribs,Barbecue ribs
Ribs,Spicy ribs
Ribs,Grilled ribs
Steak,Steak
Steak,Rib-eye
Steak,Rib-eye steak
Steak,Spice-rubbed steaks
Steak,Marinated steak
Steak,Herb-crusted steaks
Steak,Prime rib
Steak,Peppercorn steak
Steak,Grilled steak
Steak,Rib-eye steak
Steak,Filet mignon
Steak,Rib-eye
Cured Meats,Cured meats
Cured Meats,Game meats
Cured Meats,Charcuterie platter
Cured Meats,Charcuterie board
Cured Meats,Smoked sausage
Vegetables,Hearty vegetables
Vegetables,Roasted vegetables
Vegetables,Earthy vegetables
Vegetables,Carrots
Vegetables,Caramelized onions
Vegetables,Stuffed peppers
Vegetables,Roasted potatoes
Vegetables,Butternut squash
Vegetables,Eggplant parmesan
Vegetables,Grilled beets
Vegetables,Vegetable casseroles
Vegetables,Root vegetables
Vegetables,Mushroom pasta
Vegetables,Seasonal vegetables
Vegetables,Vegetable fricassee
Vegetables,Roasted veggies
Vegetables,Mixed-oven and vegetable stew
Vegetables,Vegetable dishes
Vegetables,Vegetable stew
Vegetables,Hearty eggplant
Vegetables,Root veggies
Vegetables,Mixed greens
Vegetables,Mushroom stew
Vegetables,Hearty vegetables
Vegetables,Vegetables
Vegetables,Mushrooms dishes
Vegetables,Mushroom broth
Vegetables,Roasted potatoes
Vegetables,Seasoned vegetables
Vegetables,Hearty vegetables
Vegetables,Hearty stew
Vegetables,Vegetable stew
Vegetables,Vegetable dishes
Vegetables,Grilled vegetables
Vegetables,Mushroom soup
Vegetables,Portobello mushrooms
Vegetables,Mushroom risotto
Vegetables,Butternut squash soup
Vegetables,Mushroom-based dishes
Vegetables,Mushroom risotto
